create table users
(
    id_user     int,
    firstname   varchar(250),
    lastname    varchar(250),
    email       varchar(250),
    height      int,
    weight      int,
    subscribing boolean,
    age         int,
    PRIMARY KEY (id_user)
) ;

insert into users (id_user, firstname, lastname, email, height, weight, subscribing, age) values (1, 'Chastity', 'Ivanyushkin', 'chastity.ivanyuskin@gmail.com', 158, 56, false, 40);
insert into users (id_user, firstname, lastname, email, height, weight, subscribing, age)
values (2, 'Bettina', 'Bosch', 'bettina.bosch@gmail.com', 178, 63, false, 18);
insert into users (id_user, firstname, lastname, email, height, weight, subscribing, age)
values (3, 'Duff', 'Downey', 'duff.downey@gmail.com', 178, 64, true, 27);
insert into users (id_user, firstname, lastname, email, height, weight, subscribing, age)
values (4, 'Rosanne', 'De Michetti', 'rosanne.de_michetti@gmail.com', 187, 63, true, 54);
insert into users (id_user, firstname, lastname, email, height, weight, subscribing, age)
values (5, 'Arnaldo', 'Barrington', 'arnaldo.barrington@gmail.com', 186, 63, true, 45);
insert into users (id_user, firstname, lastname, email, height, weight, subscribing, age)
values (6, 'Paddie', 'Steers', 'paddie.steers@gmail.com', 183, 80, true, 63);
insert into users (id_user, firstname, lastname, email, height, weight, subscribing, age)
values (7, 'Sadella', 'Lamacraft', 'saedella.lamacraft@gmail.com', 189, 58, true, 54);
insert into users (id_user, firstname, lastname, email, height, weight, subscribing, age)
values (8, 'Risa', 'Theseira', 'risa.theseira@gmail.com', 164, 64, true, 32);
insert into users (id_user, firstname, lastname, email, height, weight, subscribing, age)
values (9, 'Weidar', 'Voysey', 'weidar.voysey@gmail.com', 189, 59, false, 35);
insert into users (id_user, firstname, lastname, email, height, weight, subscribing, age)
values (10, 'Antonino', 'Lumber', 'antonio.lumber@gmail.com', 155, 70, true, 41);
insert into users (id_user, firstname, lastname, email, height, weight, subscribing, age)
values (11, 'Duane', 'Mariet', 'duane.mariet@gmail.com', 163, 68, true, 41);
insert into users (id_user, firstname, lastname, email, height, weight, subscribing, age)
values (12, 'Wolfie', 'Halwood', 'wolfie.halwood@gmail.com', 179, 69, false, 58);
insert into users (id_user, firstname, lastname, email, height, weight, subscribing, age)
values (13, 'Charisse', 'Featherby', 'charisse.feartherby@gmail.com', 174, 61, true, 25);
insert into users (id_user, firstname, lastname, email, height, weight, subscribing, age)
values (14, 'Natale', 'Jakoubek', 'natale.jakoubek@gmail.com', 187, 74, true, 22);
insert into users (id_user, firstname, lastname, email, height, weight, subscribing, age)
values (15, 'Levin', 'Gregol', 'levin.gregol@gmail.com', 186, 67, true, 26);
insert into users (id_user, firstname, lastname, email, height, weight, subscribing, age)
values (16, 'La verne', 'Gabites', 'laverne.gabites@gmail.com', 176, 59, true, 26);
insert into users (id_user, firstname, lastname, email, height, weight, subscribing, age)
values (17, 'Lea', 'Kardos', 'lea.kardos@gmail.com', 162, 63, false, 24);
insert into users (id_user, firstname, lastname, email, height, weight, subscribing, age)
values (18, 'Teodoro', 'Baffin', 'teodoro.baffin@gmail.com', 184, 59, true, 25);
insert into users (id_user, firstname, lastname, email, height, weight, subscribing, age)
values (19, 'Maure', 'Gilpin', 'maure.gilpin@gmail.com', 165, 80, true, 18);
insert into users (id_user, firstname, lastname, email, height, weight, subscribing, age)
values (20, 'Marie-ann', 'Funnell', 'marie-ann.funnell@gmail.com', 163, 63, true, 19);
insert into users (id_user, firstname, lastname, email, height, weight, subscribing, age)
values (21, 'Dilan', 'Hurburt', 'dilan.hurburt@gmail.com', 159, 70, false, 20);
insert into users (id_user, firstname, lastname, email, height, weight, subscribing, age)
values (22, 'Turner', 'Waitland', 'tuner.waitland@gmail.com', 167, 55, true, 24);
insert into users (id_user, firstname, lastname, email, height, weight, subscribing, age)
values (23, 'Reube', 'Delooze', 'reube.delooze@gmail.com', 165, 78, true, 29);
insert into users (id_user, firstname, lastname, email, height, weight, subscribing, age)
values (24, 'Shara', 'Denisyev', 'shara.denisyev@gmail.com', 165, 53, true, 30);
insert into users (id_user, firstname, lastname, email, height, weight, subscribing, age)
values (25, 'Claudia', 'Vasilischev', 'claudia.vasilischev@gmail.com', 157, 62, false, 25);
insert into users (id_user, firstname, lastname, email, height, weight, subscribing, age)
values (26, 'Leah', 'Sedgeman', 'leah.sedgeman@gmail.com', 159, 70, true, 29);
insert into users (id_user, firstname, lastname, email, height, weight, subscribing, age)
values (27, 'Angelo', 'Haggeth', 'angelo.haggeth@gmail.com', 181, 62, true, 24);
insert into users (id_user, firstname, lastname, email, height, weight, subscribing, age)
values (28, 'Gretna', 'Gaynsford', 'gretna.gaynsford@gmail.com', 187, 56, false, 27);
insert into users (id_user, firstname, lastname, email, height, weight, subscribing, age)
values (29, 'Caresa', 'Tottman', 'caresa.tottman@gmail.com', 186, 60, true, 28);
insert into users (id_user, firstname, lastname, email, height, weight, subscribing, age)
values (30, 'Andriana', 'Coolbear', 'andriana.coolbear@gmail.com', 173, 61, true, 20);
insert into users (id_user, firstname, lastname, email, height, weight, subscribing, age)
values (31, 'Kit', 'Henken', 'kit.henken@gmail.com', 159, 80, true, 36);
insert into users (id_user, firstname, lastname, email, height, weight, subscribing, age)
values (32, 'Andras', 'Durning', 'andras.durning@gmail.com', 156, 74, true, 35);
insert into users (id_user, firstname, lastname, email, height, weight, subscribing, age)
values (33, 'Osborne', 'Janak', 'osborne.janak@gmail.com', 189, 69, true, 40);
insert into users (id_user, firstname, lastname, email, height, weight, subscribing, age)
values (34, 'Ange', 'Losbie', 'ange.losbie@gmail.com', 183, 71, true, 48);
insert into users (id_user, firstname, lastname, email, height, weight, subscribing, age)
values (35, 'Christen', 'Kytter', 'christen.kytter@gmail.com', 177, 68, true, 50);

create table coachs
(
    id_coach  int,
    firstname varchar(250),
    lastname  varchar(250),
    email     varchar(250),
    PRIMARY KEY (id_coach)
);



create table coaching
(
    id_user  int,
    id_coach int,
    primary key (id_coach, id_user),
    foreign key (id_user) references users (id_user),
    foreign key (id_coach) references coachs (id_coach)
);

insert into coachs (id_coach, firstname, lastname, email)
values (1, 'Alec', 'Rudkin', 'alec.rudkin@gmail.com');
insert into coachs (id_coach, firstname, lastname, email)
values (2, 'Heywood', 'Fortune', 'heywood.fortune@gmail.com');
insert into coachs (id_coach, firstname, lastname, email)
values (3, 'Jobye', 'Howler', 'jobye.howler@gmail.com');

insert into coaching (id_user, id_coach)
values (35, 1);
insert into coaching (id_user, id_coach)
values (30, 2);
insert into coaching (id_user, id_coach)
values (12, 3);
insert into coaching (id_user, id_coach)
values (6, 1);
insert into coaching (id_user, id_coach)
values (6, 2);
insert into coaching (id_user, id_coach)
values (30, 3);
insert into coaching (id_user, id_coach)
values (4, 3);
insert into coaching (id_user, id_coach)
values (25, 1);
insert into coaching (id_user, id_coach)
values (28, 1);

insert into coaching (id_user, id_coach)
values (1, 2);
insert into coaching (id_user, id_coach)
values (2, 3);
insert into coaching (id_user, id_coach)
values (3, 1);
insert into coaching (id_user, id_coach)
values (5, 2);
insert into coaching (id_user, id_coach)
values (7, 1);

insert into coaching (id_user, id_coach)
values (8, 2);
insert into coaching (id_user, id_coach)
values (9, 1);
insert into coaching (id_user, id_coach)
values (10, 3);
insert into coaching (id_user, id_coach)
values (11, 1);
insert into coaching (id_user, id_coach)
values (12, 2);

insert into coaching (id_user, id_coach)
values (13, 1);
insert into coaching (id_user, id_coach)
values (14, 3);
insert into coaching (id_user, id_coach)
values (15, 2);
insert into coaching (id_user, id_coach)
values (16, 2);
insert into coaching (id_user, id_coach)
values (18, 2);


insert into coaching (id_user, id_coach)
values (19, 1);
insert into coaching (id_user, id_coach)
values (20, 2);
insert into coaching (id_user, id_coach)
values (21, 2);
insert into coaching (id_user, id_coach)
values (22, 3);
insert into coaching (id_user, id_coach)
values (23, 2);
insert into coaching (id_user, id_coach)
values (24, 1);
insert into coaching (id_user, id_coach)
values (25, 2);
